order_id,order_date,customer_id,product,category,quantity,unit_price,region
1001,2026-09-01,C001,Laptop,Electronics,2,55000,West
1002,2026-09-01,C002,Keyboard,Electronics,5,2500,South
1003,2026-09-02,C003,Office Chair,Furniture,1,12000,West
1004,2026-09-02,C004,Monitor,Electronics,3,15000,North
1005,2026-09-03,C005,Desk,Furniture,2,18000,South
1006,2026-09-03,C006,Mouse,Electronics,10,1200,West
1007,2026-09-04,C007,Laptop,Electronics,1,55000,North
1008,2026-09-04,C008,Office Chair,Furniture,2,12000,South
1009,2026-09-05,C009,Monitor,Electronics,4,15000,West
1010,2026-09-05,C010,Desk,Furniture,1,18000,North
